<?xml version="1.0" encoding="UTF-8" ?>
<!DOCTYPE mapper
PUBLIC "-//mybatis.org//DTD Mapper 3.0//EN"
"http://mybatis.org/dtd/mybatis-3-mapper.dtd">
<mapper namespace="DeptMapper">

  <select id="selectAll" resultType="Dept">
     select deptno,dname,loc
     from dept
     order by deptno
  </select>
  <insert id="insert" parameterType="Dept">
    insert into dept (deptno, dname, loc)
    values ( #{deptno} , #{dname} ,#{loc} )
  </insert>
  <update id="update" parameterType="Dept">
    update dept
    set dname = #{dname} , loc = #{loc}
    where deptno = #{deptno}
  </update>
  
  <delete id="delete" parameterType="int">
    delete from dept
    where deptno = #{deptno} 
  </delete>
  
  <select id="selectByDeptno" parameterType="int" resultType="Dept">
     select deptno,dname,loc
     from dept
     where deptno = #{deptno} 
  </select>
</mapper>










